dataset,img_id,class_id,x_center,y_center,width,height,confidence
daySequence1,122,0,0.2573583364486694,0.4568035761515299,0.0101210594177246,0.0211488087972005,0.5496712923049927
daySequence1,174,0,0.6791054725646972,0.491933790842692,0.0116877555847167,0.0201690673828125,0.2991012930870056
daySequence1,325,0,0.4819384574890136,0.4604975382486979,0.0163200378417968,0.0335856119791666,0.4053675532341003
daySequence1,327,0,0.4856254577636719,0.4580363273620605,0.0165027618408203,0.034726079305013,0.3048651218414306
daySequence1,335,0,0.5162741661071777,0.4520774205525716,0.0164203643798828,0.035561180114746,0.6194725036621094
daySequence1,337,0,0.5254744529724121,0.4529873530069987,0.0162244796752929,0.0381750106811523,0.5491531491279602
daySequence1,341,0,0.551339864730835,0.4564762115478515,0.0165209770202636,0.0411842346191406,0.2511806786060333
daySequence1,343,0,0.5667441368103028,0.4581229209899902,0.017603588104248,0.0424641291300455,0.4091237485408783
daySequence1,347,0,0.5984589576721191,0.4639569282531738,0.0188928604125976,0.0417343775431315,0.49098601937294
daySequence1,349,0,0.6175230503082275,0.4647937456766764,0.0200586318969726,0.0467819213867187,0.2518408000469208
daySequence1,351,0,0.637199592590332,0.4639256477355957,0.0209119796752929,0.0455374399820963,0.6390804052352905
daySequence1,353,0,0.6586920738220214,0.4586964925130208,0.0205537796020507,0.0460597991943359,0.635934591293335
daySequence1,355,0,0.6818160057067871,0.4553377151489258,0.0217477798461914,0.0467934926350911,0.6317172050476074
daySequence1,357,0,0.70648193359375,0.4549092610677083,0.0233049392700195,0.0499125162760416,0.5385676026344299
daySequence1,359,0,0.7329267024993896,0.4457369804382324,0.0246222496032714,0.0535526911417643,0.5911853313446045
daySequence1,361,0,0.7600881576538085,0.4452540079752604,0.023202896118164,0.0519579569498697,0.5648818016052246
daySequence1,365,0,0.8142423629760742,0.499807071685791,0.0271686553955078,0.0597447077433268,0.4401323795318603
daySequence1,660,0,0.584352970123291,0.4566801706949869,0.0103847503662109,0.0203074137369791,0.5829371809959412
daySequence1,1340,0,0.0062800422310829,0.4017601648966471,0.0125141233205795,0.0537345886230468,0.5809351205825806
daySequence1,1856,0,0.5316415786743164,0.4428805987040202,0.0093929290771484,0.0209163665771484,0.5992220044136047
daySequence1,1881,0,0.1415867567062378,0.3965318997701009,0.0141848564147949,0.0301158905029296,0.3384372293949127
daySequence1,1882,0,0.1408593416213989,0.3940823872884114,0.014067792892456,0.0310300191243489,0.3420633375644684
daySequence1,2557,0,0.9946167945861816,0.3587736129760742,0.0105289459228515,0.0790831247965494,0.2969747185707092
daySequence1,2559,0,0.994582176208496,0.3598848660786947,0.0108251571655273,0.0690670013427734,0.283225417137146
daySequence1,2732,0,0.5428200721740722,0.4356897354125976,0.0105716705322265,0.0249768575032552,0.6595377326011658
daySequence1,2739,0,0.5460128307342529,0.4378962834676106,0.0112914085388183,0.0271934509277343,0.5651654005050659
daySequence1,2851,0,0.7435185432434082,0.0091646711031595,0.0609503746032714,0.0183293422063191,0.5888944268226624
daySequence1,2984,0,0.7336445808410644,0.4576871236165364,0.0125732421875,0.0306259155273437,0.3443353474140167
daySequence1,3051,0,0.9950997352600096,0.4000807444254557,0.0098005294799804,0.0502388000488281,0.3708248436450958
daySequence1,3077,0,0.6570913314819335,0.1110358476638793,0.0241449356079101,0.0464123884836832,0.3406400084495544
daySequence1,3315,0,0.5021125793457031,0.4251951853434245,0.0109773635864257,0.0225566864013671,0.4059843719005584
daySequence1,3315,0,0.5539783477783203,0.4292755444844564,0.0094524383544921,0.0200788497924804,0.6374732255935669
daySequence1,3319,0,0.5561199188232422,0.423644224802653,0.0093009948730468,0.0198094685872395,0.5058879852294922
daySequence1,3319,0,0.3333517789840698,0.4691980997721354,0.007448387145996,0.0168982187906901,0.2661396861076355
daySequence1,3319,0,0.6370801448822021,0.4802247365315755,0.0097777366638183,0.0218128204345703,0.3423739671707153
daySequence1,3321,0,0.5045543670654297,0.4157420476277669,0.010000991821289,0.0208503723144531,0.4042344093322754
daySequence1,3321,0,0.3307736158370972,0.4641161918640136,0.0084268569946289,0.0194878260294596,0.5042743682861328
daySequence1,3321,0,0.6397135734558106,0.4758183797200521,0.0098204612731933,0.0220654805501302,0.5007045269012451
daySequence1,3323,0,0.5048946380615235,0.4152312914530436,0.0101659774780273,0.0209710439046223,0.4469365775585174
daySequence1,3323,0,0.5584792137145996,0.4184916496276855,0.0096681594848632,0.0204029083251953,0.5619104504585266
daySequence1,3323,0,0.3282846450805664,0.4634198824564616,0.0085502624511718,0.0203952153523763,0.4933034777641296
daySequence1,3325,0,0.5593450546264649,0.4176203727722168,0.0099833488464355,0.0210338592529296,0.302169919013977
daySequence1,3325,0,0.6443231582641602,0.4758138020833333,0.0099138259887695,0.0220696767171223,0.5971171259880066
daySequence1,3327,0,0.5045171260833741,0.4072214126586914,0.0094398498535156,0.0197311401367187,0.5784065127372742
daySequence1,3327,0,0.5596172332763671,0.4105934460957845,0.010127830505371,0.022290547688802,0.3518537282943725
daySequence1,3327,0,0.6457600593566895,0.4705354372660319,0.009893798828125,0.0214714686075846,0.6826539039611816
daySequence1,3329,0,0.3194736242294311,0.4570996602376302,0.0082705497741699,0.0182723999023437,0.543168842792511
daySequence1,3331,0,0.3154325485229492,0.4625004450480143,0.008949851989746,0.020178476969401,0.4730004370212555
daySequence1,3331,0,0.6483038902282715,0.4762111028035481,0.0105281829833984,0.0233198801676432,0.3675642311573028
daySequence1,3333,0,0.5598931312561035,0.4101791063944499,0.0102251052856445,0.0228839874267578,0.5992009043693542
daySequence1,3333,0,0.3116171836853027,0.4590895970662434,0.0101033210754394,0.0225645701090494,0.3368828296661377
daySequence1,3335,0,0.3078494071960449,0.4551681200663248,0.0087516784667968,0.0187575022379557,0.640250027179718
daySequence1,3335,0,0.6517569541931152,0.4693619092305501,0.0101392745971679,0.0215175628662109,0.3195655941963196
daySequence1,3337,0,0.3030683994293213,0.4554779688517252,0.009126853942871,0.0196753184000651,0.5766391754150391
daySequence1,3337,0,0.6527978897094726,0.4697444279988607,0.0102209091186523,0.022042973836263,0.3634954988956451
daySequence1,3341,0,0.6554596900939942,0.4650005976359049,0.0099542617797851,0.0217826843261718,0.5995586514472961
daySequence1,3349,0,0.5575223922729492,0.4008125305175781,0.0101093292236328,0.0220230102539062,0.644775927066803
daySequence1,3351,0,0.2670247077941894,0.4588027636210123,0.0100668907165527,0.0230857849121093,0.6899510622024536
daySequence1,3355,0,0.2549356460571289,0.4499483426411946,0.0100089073181152,0.0216189702351888,0.6096328496932983
daySequence1,3355,0,0.6658355712890625,0.465492566426595,0.0109930038452148,0.0231489817301432,0.6231354475021362
daySequence1,3358,0,0.005229440703988,0.3014059702555338,0.0104588814079761,0.0586271921793619,0.2954666018486023
daySequence1,3404,0,0.0041541807353496,0.3847490628560384,0.0081387072801589,0.0349851608276367,0.3736934661865234
daySequence1,3434,0,0.3615004539489746,0.0089983900388081,0.0335399150848388,0.0179362376530965,0.6061083078384399
daySequence1,3434,0,0.6548084259033203,0.0183745761712392,0.0673176765441894,0.0367491523424784,0.2611610293388366
daySequence1,3435,0,0.657676362991333,0.0090090324481328,0.0590179443359375,0.0180180648962656,0.3891248106956482
daySequence1,3960,0,0.991548728942871,0.4665855089823404,0.0128250122070312,0.02646484375,0.449178397655487
daySequence1,3962,0,0.9954764366149902,0.4651550928751627,0.0090471267700195,0.0291269938151041,0.3677906692028045
daySequence1,4008,0,0.0067436948418617,0.3494915326436361,0.0134873896837234,0.0635764439900716,0.3505572974681854
daySequence1,4037,0,0.0550050199031829,0.0158148775498072,0.0359784603118896,0.0316297550996144,0.5878522992134094
daySequence1,4038,0,0.091828441619873,0.0158546974261601,0.0333765506744384,0.0316916604836781,0.5350168347358704
daySequence1,4039,0,0.1307780027389526,0.0174713671207428,0.0323863983154296,0.0349427342414856,0.5098247528076172
daySequence2,102,0,0.9352746963500976,0.3486993471781413,0.0140762329101562,0.0258025487263997,0.4054065644741058
daySequence2,103,0,0.9936641693115236,0.3849575678507487,0.0093128204345703,0.0195359547932942,0.4033373296260834
daySequence2,104,0,0.9728015899658204,0.350738779703776,0.016122817993164,0.028357442220052,0.3374222815036773
daySequence2,140,0,0.9870918273925782,0.37760009765625,0.0106632232666015,0.020059585571289,0.3793468773365021
daySequence2,215,0,0.1512375950813293,0.0255406896273295,0.0397549152374267,0.0509405215581258,0.2673856616020202
daySequence2,252,0,0.4472074031829834,0.2407291889190674,0.0275803565979003,0.0481010119120279,0.61202472448349
daySequence2,256,0,0.4437470436096191,0.2343537012736002,0.028294563293457,0.0511941274007161,0.5746651887893677
daySequence2,266,0,0.4368505001068115,0.2273106575012207,0.0320620536804199,0.0575974782307942,0.5903600454330444
daySequence2,280,0,0.4338464736938476,0.1828096707661946,0.0346390724182128,0.064657719930013,0.5219827890396118
daySequence2,282,0,0.4324846267700195,0.1846209526062011,0.0326784133911132,0.0623029073079427,0.4438684284687042
daySequence2,283,0,0.4322802543640137,0.1845113436381022,0.0338834762573242,0.0654243469238281,0.561050295829773
daySequence2,284,0,0.4322406768798828,0.1810869216918945,0.0372779846191406,0.0720725695292155,0.329826682806015
daySequence2,285,0,0.4312763214111328,0.1801128546396891,0.0369781494140625,0.0715633074442545,0.6200630068778992
daySequence2,290,0,0.426787281036377,0.1572800477345784,0.040829849243164,0.0808590253194173,0.4468519985675812
daySequence2,291,0,0.4232330322265625,0.1535170555114746,0.0423501968383789,0.0825428326924642,0.3003081679344177
daySequence2,293,0,0.4176568031311035,0.143418021996816,0.0417441368103027,0.0814306338628133,0.257564514875412
daySequence2,428,0,0.0064708054065704,0.3534615198771159,0.0129416108131408,0.0442957560221354,0.772075355052948
daySequence2,892,0,0.5474135398864746,0.3953151067097982,0.0125908851623535,0.0239546457926432,0.3283621072769165
daySequence2,919,0,0.5511969566345215,0.3936499277750651,0.0120231628417968,0.0230457305908203,0.2581113576889038
daySequence2,937,0,0.4910680294036865,0.3860644022623697,0.0130550384521484,0.0215721130371093,0.2511845231056213
daySequence2,938,0,0.4904830455780029,0.3863066991170247,0.0132418632507324,0.0219174702962239,0.2594930529594421
daySequence2,940,0,0.4898990631103516,0.3820871988932292,0.0131671905517578,0.0222254435221354,0.3118732571601867
daySequence2,943,0,0.4887434005737304,0.3802800496419271,0.0126646995544433,0.0225997924804687,0.4244397282600403
daySequence2,944,0,0.4885175704956054,0.3808556238810221,0.0129217147827148,0.0227976481119791,0.3621515035629272
daySequence2,945,0,0.4880251884460449,0.3821418126424153,0.0133211135864257,0.0229934692382812,0.4624980390071869
daySequence2,946,0,0.4873815536499023,0.3840072313944498,0.0132041931152343,0.0227864583333333,0.3033628463745117
daySequence2,949,0,0.4869409084320068,0.3837769826253255,0.0132111549377441,0.0229696909586588,0.3214812278747558
daySequence2,950,0,0.4863398551940918,0.3824055989583333,0.0131685256958007,0.0230740865071614,0.3814949691295624
daySequence2,951,0,0.485962963104248,0.3811890920003255,0.014565086364746,0.0244503021240234,0.3854649364948272
daySequence2,952,0,0.485886812210083,0.3787852923075358,0.0146323204040527,0.0246072769165039,0.3773708045482635
daySequence2,953,0,0.4860238552093506,0.3768232345581054,0.0147642135620117,0.0253508249918619,0.4316871166229248
daySequence2,954,0,0.4857545852661132,0.3740920384724935,0.0137687683105468,0.0246936162312825,0.4148482382297516
daySequence2,955,0,0.4853741645812988,0.3713785171508789,0.0136308670043945,0.0245416005452473,0.4267131090164184
daySequence2,956,0,0.485197925567627,0.3696570078531901,0.0131834030151367,0.0240297317504882,0.2962777018547058
daySequence2,957,0,0.4845782279968261,0.3654029528299967,0.0138202667236328,0.0237611134847005,0.4650065302848816
daySequence2,966,0,0.4848344326019287,0.3634983698527018,0.0149335861206054,0.0248432159423828,0.4170899391174316
daySequence2,967,0,0.4849162101745605,0.3610677083333333,0.0147185325622558,0.0246275583902994,0.2776455879211426
daySequence2,994,0,0.159726071357727,0.4176837603251139,0.0162375450134277,0.0283441543579101,0.548661470413208
daySequence2,995,0,0.1588717460632324,0.416285769144694,0.0170763492584228,0.0296564737955729,0.4748549461364746
daySequence2,996,0,0.1572831630706787,0.4153721491495768,0.0162127971649169,0.0282347361246744,0.5206601619720459
daySequence2,997,0,0.1556367993354797,0.4156453768412272,0.0163618087768554,0.0286162694295247,0.5426450967788696
daySequence2,998,0,0.1548284292221069,0.4153884887695312,0.0160375118255615,0.0266873677571614,0.5284504890441895
daySequence2,999,0,0.1540523886680603,0.4150793711344401,0.0165367841720581,0.0280223210652669,0.5750960111618042
daySequence2,1000,0,0.1526971817016601,0.4179691632588704,0.0172270059585571,0.0288814544677734,0.568025529384613
daySequence2,1001,0,0.1521086692810058,0.4179205258687337,0.0172798633575439,0.0287469863891601,0.5848672986030579
daySequence2,1002,0,0.151071286201477,0.4142642339070638,0.017466115951538,0.0290912628173828,0.5700569748878479
daySequence2,1003,0,0.1495555162429809,0.416510264078776,0.0185077190399169,0.0319246927897135,0.5796531438827515
daySequence2,1004,0,0.1483959436416626,0.4149116516113281,0.0184336185455322,0.0326368967692057,0.4760710597038269
daySequence2,1005,0,0.1474714756011962,0.4129252115885417,0.016931676864624,0.0298077901204427,0.6033461093902588
daySequence2,1006,0,0.1465173363685608,0.4130994160970052,0.0169063329696655,0.030124028523763,0.6412866711616516
daySequence2,1007,0,0.1460115313529968,0.4135794957478841,0.0176132440567016,0.0312154134114583,0.6588497161865234
daySequence2,1008,0,0.1455825328826904,0.4119266510009766,0.0177154541015625,0.0306142171223958,0.5529277920722961
daySequence2,1009,0,0.1448255538940429,0.4114728927612304,0.0177225112915039,0.0308678944905598,0.6315967440605164
daySequence2,1010,0,0.1441426038742065,0.412019411722819,0.0177940368652343,0.0303760528564453,0.5070874691009521
daySequence2,1014,0,0.1421464443206787,0.4098463058471679,0.0177567958831787,0.0298013051350911,0.2897274792194366
daySequence2,1016,0,0.1412126302719116,0.4080526351928711,0.0197090148925781,0.0359544118245442,0.2502559721469879
daySequence2,1017,0,0.1403736591339111,0.4078271230061849,0.0182397842407226,0.0322235107421875,0.3043307363986969
daySequence2,1018,0,0.1398611068725586,0.4060325940450032,0.0187182903289794,0.0331209818522135,0.3112777173519134
daySequence2,1019,0,0.7062908172607422,0.393530527750651,0.0108110427856445,0.0196829477945963,0.6918835639953613
daySequence2,1019,0,0.1395660638809204,0.4045787175496419,0.0186922550201416,0.0313777923583984,0.5033518671989441
daySequence2,1020,0,0.1392718315124511,0.4044204711914062,0.0184073209762573,0.031076176961263,0.5951991677284241
daySequence2,1021,0,0.1383430480957031,0.4050289154052734,0.0184985160827636,0.0314070383707682,0.6246089935302734
daySequence2,1022,0,0.1375050902366638,0.4064678192138672,0.0198939085006713,0.0334960301717122,0.6222220659255981
daySequence2,1023,0,0.137316358089447,0.4067493438720703,0.0198231220245361,0.0336620330810546,0.648269772529602
daySequence2,1024,0,0.1365942358970642,0.406703249613444,0.0193209886550903,0.0326725006103515,0.6901561617851257
daySequence2,1025,0,0.1358779191970825,0.4063895861307779,0.0197385311126708,0.0337145487467447,0.7024337649345398
daySequence2,1026,0,0.1348883628845215,0.4063079198201497,0.0191166877746582,0.0332761128743489,0.6977537274360657
daySequence2,1027,0,0.1338549137115478,0.4055198669433594,0.0195461511611938,0.0351620992024739,0.7033917307853699
daySequence2,1028,0,0.1335798501968383,0.4055975596110026,0.0199317693710327,0.0354061126708984,0.6750589609146118
daySequence2,1029,0,0.1331992387771606,0.4061726888020833,0.0198988914489746,0.0353073120117187,0.6684014797210693
daySequence2,1030,0,0.1324165821075439,0.407652473449707,0.0184882640838623,0.0318584442138671,0.6185234785079956
daySequence2,1034,0,0.1296011924743652,0.4085410435994466,0.0195113658905029,0.0347667694091796,0.6954110264778137
daySequence2,1035,0,0.1288418531417846,0.4112054506937663,0.0190399885177612,0.0337312698364257,0.6850799918174744
daySequence2,1036,0,0.1286869764328003,0.4115556081136067,0.0198977470397949,0.0347572326660156,0.7031163573265076
daySequence2,1037,0,0.1279011726379394,0.4114385604858398,0.0194248676300048,0.0347925821940104,0.7033904194831848
daySequence2,1038,0,0.1273730278015136,0.411821174621582,0.0191774845123291,0.0337390899658203,0.6944476962089539
daySequence2,1039,0,0.1268362283706665,0.4119305610656738,0.0190779209136962,0.0341972351074218,0.7024189829826355
daySequence2,1040,0,0.1265604615211487,0.4116754213968913,0.0190832376480102,0.0330149968465169,0.683671772480011
daySequence2,1041,0,0.1256878018379211,0.4113318761189778,0.0189384222030639,0.0328101476033528,0.6991070508956909
daySequence2,1042,0,0.124854028224945,0.4105841636657715,0.0198464155197143,0.0342344284057617,0.6966583728790283
daySequence2,1043,0,0.1246055364608764,0.411190382639567,0.0194058418273925,0.0339937845865885,0.6960672736167908
daySequence2,1044,0,0.1242550611495971,0.4112785975138346,0.0194189548492431,0.0339981079101562,0.7104957103729248
daySequence2,1045,0,0.1234400749206543,0.4104383786519368,0.0197774171829223,0.0358862559000651,0.7465858459472656
daySequence2,1046,0,0.12283935546875,0.4114185969034831,0.0192277193069458,0.0341187795003255,0.7211179137229919
daySequence2,1047,0,0.1224639177322387,0.4108741124471028,0.0195329666137695,0.0352109273274739,0.7079481482505798
daySequence2,1048,0,0.1220190525054931,0.4106205622355143,0.0197409868240356,0.0361212412516276,0.7149688601493835
daySequence2,1049,0,0.1215202093124389,0.4121267954508463,0.019271183013916,0.0340965270996093,0.6808452606201172
daySequence2,1050,0,0.1210863828659057,0.412813917795817,0.0192824125289917,0.0346176147460937,0.6554936766624451
daySequence2,1051,0,0.1207846045494079,0.4114634195963542,0.0180463552474975,0.0322123209635416,0.6064195036888123
daySequence2,1052,0,0.120668339729309,0.4103843688964844,0.0183135032653808,0.0326904296875,0.5620040893554688
daySequence2,1053,0,0.1202733993530273,0.4117600123087565,0.0182649850845336,0.0324352264404296,0.5948771834373474
daySequence2,1054,0,0.1199207663536071,0.4112646738688151,0.0182348489761352,0.0320316314697265,0.5689877271652222
daySequence2,1055,0,0.1195340752601623,0.4112793604532878,0.0183783292770385,0.0322852452596028,0.5856422781944275
daySequence2,1056,0,0.1191476225852966,0.4106170654296875,0.0185665607452392,0.0322600046793619,0.5309414863586426
daySequence2,1057,0,0.11895751953125,0.4102843602498372,0.0189883708953857,0.0331727345784505,0.5967273712158203
daySequence2,1058,0,0.1187825202941894,0.4102293650309245,0.0192170143127441,0.033664321899414,0.6115970015525818
daySequence2,1059,0,0.1185508489608764,0.4101046880086263,0.0187459230422973,0.0335725784301757,0.6425877809524536
daySequence2,1060,0,0.1186194896697998,0.4093051274617513,0.0184295177459716,0.0330841064453125,0.6086910963058472
daySequence2,1061,0,0.1181050300598144,0.4100877126057943,0.0186680316925048,0.0335411071777343,0.6072986721992493
daySequence2,1062,0,0.1179977774620056,0.4099897384643555,0.0193361520767211,0.0347422917683919,0.5685277581214905
daySequence2,1063,0,0.1176323890686035,0.4103528340657552,0.0190208911895751,0.0334232330322265,0.5828468799591064
daySequence2,1064,0,0.1170475959777832,0.4108185450236002,0.019333791732788,0.0333415985107421,0.5723690986633301
daySequence2,1065,0,0.1168436884880066,0.4109715779622396,0.0198326349258422,0.034186045328776,0.6053024530410767
daySequence2,1066,0,0.1167006969451904,0.4113564809163411,0.0192232131958007,0.032644780476888,0.6325723528862
daySequence2,1067,0,0.1167150259017944,0.4113893508911133,0.0195571899414062,0.03380921681722,0.6773900389671326
daySequence2,1068,0,0.1164831638336181,0.4117676417032878,0.0192029476165771,0.0330622355143229,0.6656363606452942
daySequence2,1069,0,0.1166709423065185,0.4113831837972005,0.0199146270751953,0.0351353327433268,0.7247970104217529
daySequence2,1070,0,0.1162680387496948,0.4120925267537434,0.0198075771331787,0.0347586313883463,0.6906294822692871
daySequence2,1071,0,0.116266655921936,0.4113992055257161,0.0204832553863525,0.0357718149820963,0.7055889368057251
daySequence2,1072,0,0.116101598739624,0.4121604919433593,0.0202937602996826,0.0353811899820963,0.7133103609085083
daySequence2,1073,0,0.1161734819412231,0.4120546340942382,0.0200249671936035,0.0354773203531901,0.7165254354476929
daySequence2,1074,0,0.1165747046470642,0.4116895039876302,0.020129656791687,0.0348959604899088,0.6899017095565796
daySequence2,1075,0,0.1165872812271118,0.4134838422139485,0.0201927185058593,0.0356675465901692,0.7337774038314819
daySequence2,1077,0,0.1166238784790039,0.4135079701741536,0.0204988002777099,0.0352464040120442,0.7183002233505249
daySequence2,1081,0,0.1166688799858093,0.4142533938090006,0.0208746671676635,0.0367716471354166,0.703138530254364
daySequence2,1083,0,0.1164847612380981,0.4139579772949219,0.0201036930084228,0.0351868947347005,0.6707973480224609
daySequence2,1084,0,0.1167222023010254,0.4127291997273763,0.0191376686096191,0.0331235249837239,0.6289433240890503
daySequence2,1085,0,0.1166269779205322,0.4136002540588379,0.0198493480682373,0.034769058227539,0.6462307572364807
daySequence2,1087,0,0.1163636565208435,0.4134684244791666,0.0200936794281005,0.0349416097005208,0.6656064987182617
daySequence2,1088,0,0.116389000415802,0.4130767186482747,0.0193862676620483,0.0331450144449869,0.6616231799125671
daySequence2,1089,0,0.1162613153457641,0.413733959197998,0.0200516700744628,0.034161885579427,0.6866759657859802
daySequence2,1091,0,0.1161925554275512,0.4135864893595377,0.0198227405548095,0.0340543111165364,0.6933027505874634
daySequence2,1092,0,0.116365098953247,0.4130010604858398,0.0199664592742919,0.0339500427246093,0.7021810412406921
daySequence2,1093,0,0.1162476539611816,0.4132216135660807,0.019901418685913,0.0347145080566406,0.7227783799171448
daySequence2,1094,0,0.1160594701766967,0.4137018203735351,0.0197476863861084,0.0336867014567057,0.6883449554443359
daySequence2,1095,0,0.1161974310874938,0.4137056350708007,0.0200535774230957,0.0348899841308593,0.7383270859718323
daySequence2,1096,0,0.1162441730499267,0.413473097483317,0.0199870586395263,0.034175173441569,0.7071971893310547
daySequence2,1097,0,0.1160852193832397,0.4136816660563151,0.0201358795166015,0.0346125284830729,0.7262369990348816
daySequence2,1098,0,0.1160633563995361,0.413244374593099,0.0200483322143554,0.0341529846191406,0.6907497048377991
daySequence2,1099,0,0.1160881280899047,0.4138468106587727,0.019808292388916,0.0344216028849283,0.7254032492637634
daySequence2,1100,0,0.1162447929382324,0.4130138079325358,0.0195420265197753,0.0336232503255208,0.7164371609687805
daySequence2,1101,0,0.1161039113998413,0.4131656010945638,0.019529104232788,0.0334908803304036,0.7315165996551514
daySequence2,1102,0,0.116149353981018,0.4127407709757487,0.019371747970581,0.0334082285563151,0.7194854617118835
daySequence2,1222,0,0.0505099058151245,0.4120519002278646,0.0201082110404968,0.0332801818847656,0.5125261545181274
daySequence2,1224,0,0.0481727242469787,0.4135331471761068,0.0209282398223876,0.0347864786783854,0.5025943517684937
daySequence2,1226,0,0.0459816247224807,0.4129480361938477,0.0223930537700653,0.0396302541097005,0.6975329518318176
daySequence2,1236,0,0.5729382038116455,0.3169268290201822,0.0114673614501953,0.0245964050292968,0.2989270985126495
daySequence2,1258,0,0.4827537536621094,0.3032410303751627,0.0229091644287109,0.039828618367513,0.2860001623630523
daySequence2,1260,0,0.483354377746582,0.2979733784993489,0.0232954025268554,0.0400076548258463,0.4485350251197815
daySequence2,1261,0,0.4831626892089843,0.2949424425760905,0.0229934692382812,0.0386010487874348,0.5728490352630615
daySequence2,1262,0,0.4834220886230468,0.2928487141927083,0.023008918762207,0.0387256622314453,0.5815334320068359
daySequence2,1263,0,0.483828067779541,0.2909911155700683,0.0232218742370605,0.0394381841023763,0.6105178594589233
daySequence2,1266,0,0.4842315673828125,0.2896928787231445,0.0231170654296875,0.0396896998087565,0.594524085521698
daySequence2,1267,0,0.4842585563659668,0.2909022013346354,0.0226100921630859,0.0396202087402343,0.5216829776763916
daySequence2,1268,0,0.4845091342926025,0.2917500813802083,0.022500991821289,0.0393079121907552,0.5153526663780212
daySequence2,1271,0,0.4852300643920898,0.2898871103922526,0.0228754043579101,0.04000244140625,0.588097870349884
daySequence2,1272,0,0.4850861549377441,0.2865620930989583,0.0235284805297851,0.0414479573567708,0.6057288646697998
daySequence2,1275,0,0.4845674514770507,0.279257074991862,0.0245861053466796,0.0417873382568359,0.5467709898948669
daySequence2,1276,0,0.4850324630737305,0.278069273630778,0.0244280815124511,0.0418862660725911,0.5210996270179749
daySequence2,1277,0,0.4847110748291016,0.2782133420308431,0.0247026443481445,0.0421716054280598,0.587418258190155
daySequence2,1278,0,0.4847448348999023,0.2784923553466797,0.0249868392944335,0.0428133010864257,0.5651443004608154
daySequence2,1279,0,0.4849073886871338,0.2763197024663289,0.0245206832885742,0.0419686476389567,0.5796838998794556
daySequence2,1280,0,0.4848664283752441,0.2714012066523234,0.0243864059448242,0.0426226456960042,0.5475028157234192
daySequence2,1281,0,0.4844435691833496,0.2665548642476399,0.023716926574707,0.0431109110514322,0.5091792345046997
daySequence2,1282,0,0.4853103637695312,0.2623645782470703,0.0253005981445312,0.0457692464192708,0.4323945343494415
daySequence2,1283,0,0.4844346046447754,0.2574017524719238,0.0240428924560546,0.0436018625895182,0.5638121366500854
daySequence2,1284,0,0.4839122772216797,0.2543228308359782,0.0237173080444335,0.0438464800516764,0.468362957239151
daySequence2,1285,0,0.4842340469360351,0.2549941698710123,0.0239839553833007,0.0442897160847981,0.5005412101745605
daySequence2,1286,0,0.4828048229217529,0.2563414255777995,0.0232667922973632,0.0435099283854166,0.4473855495452881
daySequence2,1287,0,0.4810328483581543,0.2565655708312988,0.0252288818359375,0.0469229380289713,0.4258886575698852
daySequence2,1288,0,0.4796676635742187,0.2545959631601969,0.025334358215332,0.0474473635355631,0.3341759741306305
daySequence2,1290,0,0.4797966003417969,0.2542001565297445,0.0257349014282226,0.0480289777119954,0.2716951072216034
daySequence2,1333,0,0.7932506561279297,0.0088961640993754,0.0608190536499023,0.0177923281987508,0.4919695258140564
daySequence2,1470,0,0.5723873138427734,0.3455996831258138,0.0108108520507812,0.0234664916992187,0.5837376117706299
daySequence2,1473,0,0.6828520774841309,0.4110608100891113,0.0111968994140625,0.0232300440470377,0.4848165512084961
daySequence2,1477,0,0.6907212257385253,0.4145337422688802,0.010666275024414,0.0224235534667968,0.5358338356018066
daySequence2,1785,0,0.4330731391906738,0.3757428805033366,0.0127952575683593,0.0196266810099283,0.3522320687770843
daySequence2,1793,0,0.430810546875,0.3866390228271484,0.0113162994384765,0.018170674641927,0.2659989595413208
daySequence2,1807,0,0.4210345268249512,0.3648565928141276,0.0104758262634277,0.0170018513997395,0.2554252743721008
daySequence2,1819,0,0.416062068939209,0.3631530125935872,0.0116605758666992,0.0183013916015625,0.4925722479820251
daySequence2,1821,0,0.4156797409057617,0.3642722447713216,0.0120073318481445,0.0182894388834635,0.433861494064331
daySequence2,1827,0,0.4171961307525634,0.3549898147583007,0.0120208740234375,0.0195668538411458,0.3845718204975128
daySequence2,1830,0,0.3614202976226807,0.3575871149698893,0.0139013290405273,0.0272391001383463,0.2865943014621734
daySequence2,1831,0,0.3619514942169189,0.3564234733581543,0.0146575927734375,0.0273546854654947,0.384310245513916
daySequence2,1832,0,0.3622936248779297,0.3568293253580729,0.0145735740661621,0.0275206247965494,0.3570147752761841
daySequence2,1833,0,0.3620525360107421,0.3555414835611979,0.0142526626586914,0.0267270406087239,0.4538116157054901
daySequence2,1834,0,0.3618090152740478,0.355077870686849,0.0137494087219238,0.0254901885986328,0.4334511458873749
daySequence2,1835,0,0.3618058204650879,0.3563475290934245,0.0163522720336914,0.0295733133951822,0.2721002995967865
daySequence2,1836,0,0.3622377157211304,0.3566220601399739,0.0151387691497802,0.0279574712117513,0.51131671667099
daySequence2,1837,0,0.3609528541564941,0.3619465510050456,0.017025089263916,0.0301475524902343,0.401636391878128
daySequence2,1839,0,0.3608637809753418,0.363359260559082,0.0168553352355957,0.0291059494018554,0.4626992046833038
daySequence2,1840,0,0.3605621814727783,0.3644062678019206,0.016484785079956,0.0285196940104166,0.366886705160141
daySequence2,1841,0,0.3606785774230957,0.3629734675089518,0.0160590648651123,0.0267550150553385,0.2727096676826477
daySequence2,1842,0,0.3601730346679687,0.3612362861633301,0.0144744873046875,0.0241895675659179,0.4174324572086334
daySequence2,1843,0,0.3594254493713379,0.3532176335652669,0.0158828735351562,0.0280082702636718,0.4454928040504455
daySequence2,1844,0,0.35987389087677,0.3441203753153483,0.0152529239654541,0.0244625727335611,0.4246783256530761
daySequence2,1845,0,0.3588176250457763,0.3401914278666178,0.0156159400939941,0.0265283584594726,0.3023234903812408
daySequence2,1846,0,0.3582144975662231,0.3373909632364908,0.0161373615264892,0.0271773020426432,0.2929398715496063
daySequence2,1849,0,0.3581183671951294,0.3426160812377929,0.0155299663543701,0.0246868133544921,0.4961509108543396
daySequence2,1850,0,0.3579142093658447,0.3513249397277832,0.016707706451416,0.028358523050944,0.4760474860668182
daySequence2,1851,0,0.3571313381195068,0.3587227503458658,0.015339183807373,0.0250059763590494,0.3239227831363678
daySequence2,1855,0,0.3551202774047851,0.3488951047261556,0.0168483734130859,0.0264747619628906,0.2501576542854309
daySequence2,1862,0,0.9609533309936524,0.5154848098754883,0.0134929656982421,0.0280457814534505,0.4360713064670563
daySequence2,1863,0,0.9551197052001952,0.5147971471150716,0.014601707458496,0.0286870956420898,0.4673653542995453
daySequence2,1875,0,0.9847185134887696,0.0274198333422342,0.0298185348510742,0.0548396666844685,0.5620613098144531
daySequence2,1891,0,0.3413814306259155,0.3293114344278971,0.0138351917266845,0.0224026997884114,0.3159181177616119
daySequence2,1892,0,0.3408545970916748,0.3278992017110189,0.01441330909729,0.0224714279174804,0.325868010520935
daySequence2,1893,0,0.3398823738098144,0.3265410105387369,0.0148429870605468,0.0236537297566731,0.2524213790893554
daySequence2,1897,0,0.3356172561645508,0.326458199818929,0.0141041755676269,0.0241574605305989,0.4364823698997497
daySequence2,1898,0,0.3351829528808593,0.3273748715718587,0.0139389991760253,0.0240371068318684,0.4074945449829101
daySequence2,1899,0,0.3349198341369629,0.3283048947652181,0.0143154144287109,0.0244043986002604,0.4346818327903747
daySequence2,2004,0,0.6852723121643066,0.4430200576782226,0.0102872848510742,0.0190608342488606,0.3266600966453552
daySequence2,2005,0,0.685237979888916,0.4431687037150065,0.0103107452392578,0.0191415150960286,0.2893398404121399
daySequence2,2642,0,0.6130135536193848,0.4195958137512207,0.0098899841308593,0.022464116414388,0.3065823912620544
daySequence2,2643,0,0.6133534431457519,0.4201087633768717,0.0094854354858398,0.0215749740600585,0.4420131146907806
daySequence2,2644,0,0.6135326862335205,0.4211222966512044,0.0091714859008789,0.0204189300537109,0.4067001938819885
daySequence2,2650,0,0.6165061473846436,0.4319320678710937,0.0094130516052246,0.0212636311848958,0.3552966713905334
daySequence2,2652,0,0.6178765296936035,0.4338612874348958,0.0085896492004394,0.018209966023763,0.3812780380249023
daySequence2,2654,0,0.6192493438720703,0.4320456186930339,0.008815574645996,0.0189249674479166,0.4443612992763519
daySequence2,2657,0,0.6227398872375488,0.4306255658467611,0.0093525886535644,0.0196514765421549,0.2855834066867828
daySequence2,2664,0,0.6304228782653809,0.4262197494506836,0.0087379455566406,0.0184040069580078,0.5888200998306274
daySequence2,2666,0,0.6331981658935547,0.4261604309082031,0.0091588973999023,0.0189353942871093,0.6131786704063416
daySequence2,2668,0,0.6365764617919922,0.4249992370605469,0.0085616111755371,0.0195921579996744,0.4028394818305969
daySequence2,2719,0,0.1516677618026733,0.2385446548461914,0.030173635482788,0.0508345921834309,0.3344444632530212
daySequence2,2720,0,0.1488482475280761,0.234967041015625,0.030552864074707,0.0519176801045735,0.4693575501441955
daySequence2,2724,0,0.1281739473342895,0.2271176020304362,0.0318974018096923,0.0518294016520182,0.2642383873462677
daySequence2,2738,0,0.5599045276641845,0.3142338434855143,0.0140609741210937,0.0262006123860677,0.5532735586166382
daySequence2,2763,0,0.0160234108567237,0.0268755356470743,0.0318179696798324,0.0537390867869059,0.5711988210678101
daySequence2,2788,0,0.9953678131103516,0.3231233596801758,0.0092643737792968,0.0497119903564453,0.3257823288440704
daySequence2,2807,0,0.3323673725128174,0.0325456380844116,0.0510149002075195,0.0649380763371785,0.5842577219009399
daySequence2,2808,0,0.3265486717224121,0.0251556595166524,0.048633861541748,0.0501019080479939,0.5624175071716309
daySequence2,2809,0,0.3223257541656494,0.0157024174928665,0.0489144325256347,0.0314038336277008,0.3196653723716736
daySequence2,2811,0,0.6333283424377442,0.0084838519493738,0.0428836822509765,0.0168570737044016,0.6146615743637085
daySequence2,2913,0,0.1711206316947937,0.4050591468811035,0.0116995096206665,0.025398317972819,0.3801425993442535
daySequence2,3407,0,0.5907442569732666,0.4256575902303059,0.0092066764831542,0.0195958455403645,0.5676282644271851
daySequence2,3415,0,0.5908411979675293,0.4260247548421224,0.0088044166564941,0.0187056859334309,0.4832648634910583
daySequence2,3417,0,0.5091935157775879,0.3859933853149414,0.00802001953125,0.0175713857014973,0.2519441545009613
daySequence2,3417,0,0.5907612800598144,0.4232934315999349,0.0086027145385742,0.0187402725219726,0.3075049519538879
daySequence2,3419,0,0.5079310894012451,0.3846088727315267,0.0076739311218261,0.0169937133789062,0.2969056069850921
daySequence2,3419,0,0.5909368991851807,0.42237122853597,0.0085405349731445,0.0186757405598958,0.4160133004188537
daySequence2,3421,0,0.5067003250122071,0.3853269577026367,0.0075637817382812,0.0161749521891276,0.2537851333618164
daySequence2,3425,0,0.592378044128418,0.4203172047932942,0.0092597961425781,0.0193068186442057,0.2692081332206726
daySequence2,3427,0,0.5929858207702636,0.421578025817871,0.0091575622558593,0.0186692555745442,0.2581692337989807
daySequence2,3432,0,0.5033030033111572,0.3696484247843424,0.0077807426452636,0.0161145528157552,0.369101881980896
daySequence2,3433,0,0.503393030166626,0.3675267537434896,0.0078992843627929,0.0169867197672526,0.3803836405277252
daySequence2,3435,0,0.5977543354034424,0.4086785316467285,0.0104659080505371,0.0206096649169921,0.2542842924594879
daySequence2,3444,0,0.6037599563598632,0.4101671536763509,0.0108838081359863,0.0218411763509114,0.2658125460147857
daySequence2,3446,0,0.6050977230072021,0.4109520594278971,0.0107927322387695,0.0217873891194661,0.310525506734848
daySequence2,3447,0,0.6054269790649414,0.4079140345255533,0.0111629486083984,0.0219748179117838,0.4559019207954407
daySequence2,3454,0,0.4189437866210937,0.3568674405415853,0.012938117980957,0.0245365778605143,0.4845780432224273
daySequence2,3455,0,0.4193047046661377,0.3545936584472656,0.0127601623535156,0.0243402481079101,0.4505423307418823
daySequence2,3458,0,0.4188489913940429,0.3507586797078451,0.013122272491455,0.0252311706542968,0.2696157693862915
daySequence2,3468,0,0.6329700946807861,0.3915262222290039,0.011653995513916,0.023416519165039,0.7334700226783752
daySequence2,3610,0,0.9845376968383788,0.0435125668843587,0.0304275512695312,0.0870251337687174,0.7543891072273254
daySequence2,3744,0,0.4299821853637695,0.3697120348612467,0.0064420700073242,0.0131701151529947,0.3062831461429596
daySequence2,3752,0,0.4451774597167969,0.372476577758789,0.0074781417846679,0.0149548848470052,0.6557455062866211
daySequence2,3753,0,0.3672494411468506,0.4026599884033203,0.00712890625,0.0151321411132812,0.3904323577880859
daySequence2,3759,0,0.3661878585815429,0.3986155192057292,0.0072066307067871,0.0154445648193359,0.3246708214282989
daySequence2,3761,0,0.4538886070251465,0.3743141174316406,0.0082691192626953,0.0168525695800781,0.6218956708908081
daySequence2,3801,0,0.5415882587432861,0.4271804809570312,0.0097532272338867,0.0191918690999348,0.3864257037639618
daySequence2,3807,0,0.5534048557281495,0.4256457646687825,0.0099165916442871,0.0191535949707031,0.5276961326599121
daySequence2,3808,0,0.5554513931274414,0.4234047571818033,0.0102758407592773,0.0195063273111979,0.5122472643852234
daySequence2,3814,0,0.5678913116455078,0.4089982032775879,0.0098855972290039,0.0187667210896809,0.633831799030304
daySequence2,3885,0,0.5676062107086182,0.2885178248087565,0.0114720344543457,0.0191767374674479,0.2626735270023346
daySequence2,3889,0,0.5730181694030761,0.2777851104736328,0.01453857421875,0.0240531921386718,0.3324432969093323
daySequence2,4458,0,0.5314245223999023,0.3340565999348958,0.0100215911865234,0.0198637008666992,0.409909188747406
daySequence2,4642,0,0.5836830139160156,0.3488637924194336,0.0108978271484375,0.0232552846272786,0.6623139977455139
daySequence2,4646,0,0.0631091371178627,0.2351794878641764,0.0324186295270919,0.0577371597290039,0.4419603943824768
daySequence2,4647,0,0.0456006646156311,0.2290928999582926,0.0343901276588439,0.0606450716654459,0.6891713738441467
daySequence2,4649,0,0.0102910362184047,0.2192485491434733,0.0205577298998832,0.0667387644449869,0.3250268101692199
daySequence2,4691,0,0.9793596744537354,0.2489420731862386,0.0412806510925293,0.0985169410705566,0.7372270226478577
daySequence2,4789,0,0.9948955535888672,0.3540412902832031,0.0102088928222656,0.0948089599609375,0.2649260759353637
daySequence2,4827,0,0.5336482048034668,0.3614599227905273,0.0082745552062988,0.0179985046386718,0.4712700545787811
daySequence2,4827,0,0.5917936325073242,0.4072770436604818,0.0086866378784179,0.0184745152791341,0.4256129264831543
daySequence2,4828,0,0.5337520599365234,0.3631535847981771,0.0082714080810546,0.018057378133138,0.5294098854064941
daySequence2,4828,0,0.5926290512084961,0.4097316106160482,0.0085982322692871,0.0183979034423828,0.4895109832286834
daySequence2,4830,0,0.5330400466918945,0.3655496597290039,0.0085748672485351,0.0188166300455729,0.4003298580646515
daySequence2,4830,0,0.5934914588928223,0.4134339968363444,0.0088350296020507,0.0189694086710611,0.4761221706867218
daySequence2,4831,0,0.5939764022827149,0.4105838457743326,0.0086055755615234,0.0191491444905598,0.6191758513450623
daySequence2,4832,0,0.594363021850586,0.4098341941833496,0.0083053588867187,0.0182549794514973,0.5922026038169861
daySequence2,4833,0,0.5325298309326172,0.3591579755147298,0.0081510543823242,0.0182060877482096,0.65416020154953
daySequence2,4834,0,0.5330551147460938,0.3576621691385905,0.0084682464599609,0.018873659769694,0.606255054473877
daySequence2,4835,0,0.5974311828613281,0.4098686536153157,0.0097916603088378,0.021644910176595,0.4029896855354309
daySequence2,4837,0,0.5323687553405761,0.3568529764811198,0.008745002746582,0.0192742665608723,0.6388691663742065
daySequence2,4843,0,0.5336021900177002,0.3456469217936198,0.0094154357910156,0.0207785288492838,0.6636471152305603
daySequence2,4844,0,0.6067176342010498,0.4020426114400228,0.0093386650085449,0.0197086334228515,0.4872896671295166
daySequence2,4968,0,0.6082975387573242,0.3971479733784993,0.0071746826171875,0.0152130126953125,0.3105459213256836
daySequence2,4979,0,0.6216367721557617,0.389630381266276,0.0076623916625976,0.0164745330810546,0.5593708157539368
daySequence2,4980,0,0.6219145774841308,0.3909401575724284,0.0075882911682128,0.0155607859293619,0.4880224466323852
daySequence2,4989,0,0.6224223136901855,0.3857106844584147,0.0081474304199218,0.0167461395263671,0.3288743197917938
daySequence2,4990,0,0.6224700927734375,0.3841854095458984,0.0084209442138671,0.0176289876302083,0.3347769677639007
daySequence2,4991,0,0.6224212646484375,0.3828946431477865,0.0088264465332031,0.0188986460367838,0.2625742554664612
daySequence2,5002,0,0.4105847358703613,0.3108230590820312,0.0123046875,0.0195111592610677,0.3141892254352569
daySequence2,5019,0,0.5554054260253907,0.3510002136230469,0.0088472366333007,0.0191324869791666,0.5949050188064575
daySequence2,5022,0,0.6271936893463135,0.3781344095865885,0.0093989372253417,0.0193475087483723,0.562217116355896
daySequence2,5023,0,0.5549887657165528,0.346337890625,0.0091884613037109,0.0198867797851562,0.6507290601730347
daySequence2,5023,0,0.6275017261505127,0.3780141830444335,0.0091956138610839,0.0189556121826171,0.6655874848365784
daySequence2,5024,0,0.6277406215667725,0.3799574534098307,0.0088802337646484,0.0186007181803385,0.6911017298698425
daySequence2,5025,0,0.627880334854126,0.3820998509724935,0.0092053413391113,0.0192027409871419,0.631904125213623
daySequence2,5027,0,0.6284098148345947,0.3853102366129557,0.009005069732666,0.0184379577636718,0.7198306322097778
daySequence2,5029,0,0.6290497779846191,0.3844359715779622,0.0088224411010742,0.0181249618530273,0.6950584650039673
daySequence2,5032,0,0.629966402053833,0.3851336161295572,0.0089997291564941,0.0187751770019531,0.7318795919418335
daySequence2,5033,0,0.630372428894043,0.3855159123738607,0.0089799880981445,0.0187723795572916,0.7451066970825195
daySequence2,5034,0,0.5534406185150147,0.3540946324666341,0.0082427024841308,0.018771489461263,0.5292693376541138
daySequence2,5034,0,0.630560302734375,0.3865371068318685,0.0088642120361328,0.0184581756591796,0.7307917475700378
daySequence2,5035,0,0.5534383296966553,0.3539475123087565,0.0083334922790527,0.0188743591308593,0.5454034805297852
daySequence2,5035,0,0.6310341835021973,0.3862488428751627,0.0090784072875976,0.0189608256022135,0.7320168614387512
daySequence2,5036,0,0.6317619323730469,0.3856315930684407,0.0090296745300292,0.0187229792277018,0.7210289239883423
daySequence2,5038,0,0.6328213691711426,0.3831483205159505,0.0090694427490234,0.019261360168457,0.6575084328651428
daySequence2,5041,0,0.6345324039459228,0.3831380208333333,0.0091023445129394,0.0196102142333984,0.6212702989578247
daySequence2,5042,0,0.635078239440918,0.3842324256896973,0.0090165138244628,0.0192882537841796,0.6691864132881165
daySequence2,5043,0,0.5548886299133301,0.3500279108683268,0.0085197448730468,0.0192212422688802,0.3756771683692932
daySequence2,5044,0,0.6361183166503906,0.3841969172159831,0.0091714859008789,0.019302495320638,0.706549882888794
daySequence2,5045,0,0.5554083347320556,0.3491205215454102,0.0088778495788574,0.0201382954915364,0.3157223463058471
daySequence2,5049,0,0.6402549743652344,0.3802744547526042,0.008963394165039,0.0191974639892578,0.7132080793380737
daySequence2,5052,0,0.644966983795166,0.3800708134969076,0.0086493492126464,0.0190476735432942,0.7399976849555969
daySequence2,5118,0,0.6082441329956054,0.3187118212381998,0.0113988876342773,0.0211357116699218,0.6834458708763123
daySequence2,5118,0,0.7200777053833007,0.3662007013956705,0.0117033004760742,0.0200908660888671,0.7267533540725708
daySequence2,5119,0,0.6090039253234864,0.3192300160725911,0.0118972778320312,0.0223150889078776,0.7230704426765442
daySequence2,5119,0,0.721131706237793,0.3664034207661946,0.0116346359252929,0.0197340011596679,0.7159836292266846
daySequence2,5120,0,0.6093306541442871,0.3182017644246419,0.0110563278198242,0.0214172999064127,0.7053999304771423
daySequence2,5120,0,0.7217947959899902,0.3654244740804036,0.0113212585449218,0.0189741770426432,0.729502260684967
daySequence2,5121,0,0.610159158706665,0.3173704147338867,0.0113300323486328,0.0220116933186848,0.7277204394340515
daySequence2,5121,0,0.7229393482208252,0.3652671813964844,0.0122293472290039,0.0201119740804036,0.7231394052505493
daySequence2,5405,0,0.735760498046875,0.3748245239257812,0.0132883071899414,0.0247849782307942,0.7218847274780273
daySequence2,5443,0,0.148150086402893,0.3791886965433756,0.0164285659790039,0.0229007085164388,0.2726620137691498
daySequence2,5457,0,0.7358543395996093,0.3744605382283528,0.0127285003662109,0.023516845703125,0.6923314929008484
daySequence2,5473,0,0.7357457160949707,0.375267219543457,0.0136457443237304,0.025879414876302,0.7539781928062439
daySequence2,5481,0,0.7355733871459961,0.3750610987345377,0.0135581016540527,0.0257465362548828,0.7281051278114319
daySequence2,5483,0,0.7357747077941894,0.3751323382059733,0.0131831169128417,0.0249218622843424,0.7154363989830017
daySequence2,5493,0,0.7357953071594239,0.3747844378153483,0.012371826171875,0.0235237121582031,0.6956783533096313
daySequence2,5501,0,0.7356780052185059,0.3750693003336589,0.0128478050231933,0.0246407190958658,0.7183685898780823
daySequence2,5503,0,0.7357563972473145,0.3745419820149739,0.0126714706420898,0.0240629831949869,0.7197260856628418
daySequence2,5509,0,0.7356935501098633,0.3749366760253906,0.0127059936523437,0.0248114903767903,0.7302447557449341
daySequence2,5511,0,0.7357755661010742,0.3748342514038086,0.0129159927368164,0.0249262491861979,0.7355487942695618
daySequence2,5515,0,0.7355807304382325,0.3745404561360677,0.013011360168457,0.0250083923339843,0.7411842346191406
daySequence2,5517,0,0.7356204032897949,0.3747243563334147,0.0128113746643066,0.0242417653401692,0.7035250663757324
daySequence2,5519,0,0.735725736618042,0.3745371500651042,0.0126749038696289,0.0242151896158854,0.7106410264968872
daySequence2,5523,0,0.7355464935302735,0.3742477416992187,0.0124595642089843,0.0240309397379557,0.7228658199310303
daySequence2,5525,0,0.7356689453125,0.3752662022908529,0.0129776000976562,0.0247824350992838,0.7161123752593994
daySequence2,5527,0,0.7357553005218506,0.3744573593139648,0.0126747131347656,0.0242870330810546,0.7235491275787354
daySequence2,5529,0,0.7355833053588867,0.3744089126586914,0.0128915786743164,0.0250053405761718,0.732726514339447
daySequence2,5531,0,0.7356293678283692,0.3746370951334635,0.0126565933227539,0.0241711934407552,0.741194486618042
daySequence2,5535,0,0.735648250579834,0.3744854291280111,0.0134687423706054,0.025029436747233,0.7207785248756409
daySequence2,5537,0,0.7354809761047363,0.3743738810221354,0.0129035949707031,0.0242321650187174,0.6955544352531433
daySequence2,5539,0,0.7356201171875,0.374357795715332,0.0116824150085449,0.0222438812255859,0.657877504825592
daySequence2,5545,0,0.7356373786926269,0.3743393580118815,0.012864875793457,0.0246414184570312,0.7021823525428772
daySequence2,5547,0,0.7356820583343506,0.3751399358113607,0.0132126808166503,0.0253403345743815,0.7008046507835388
daySequence2,5549,0,0.7356648445129395,0.374707539876302,0.0130388259887695,0.0247690836588541,0.6949681639671326
daySequence2,5551,0,0.7357851028442383,0.3743189493815104,0.0120725631713867,0.0241442362467447,0.6444580554962158
daySequence2,5553,0,0.735682201385498,0.3748997370402018,0.0127132415771484,0.0252653757731119,0.7055861353874207
daySequence2,5555,0,0.7356770515441895,0.3751061121622721,0.0121505737304687,0.0241976420084635,0.6323981285095215
daySequence2,5557,0,0.7358171463012695,0.3746969223022461,0.0121749877929687,0.0240571975708007,0.6412050127983093
daySequence2,5559,0,0.735690689086914,0.3743517875671386,0.0121253967285156,0.024153200785319,0.6630954146385193
daySequence2,5561,0,0.7355876922607422,0.3743574778238932,0.0119918823242187,0.0241048177083333,0.6707555055618286
daySequence2,5563,0,0.7357803344726562,0.374759038289388,0.0117988586425781,0.0232804616292317,0.6098055839538574
daySequence2,5565,0,0.7357739448547364,0.374731699625651,0.0118165969848632,0.0233595530192057,0.6185707449913025
daySequence2,5571,0,0.7356368064880371,0.3745449066162109,0.0123760223388671,0.0242010752360026,0.6611708402633667
daySequence2,5573,0,0.7357929229736329,0.3749771118164062,0.0121998786926269,0.0242197672526041,0.6374580264091492
daySequence2,5579,0,0.7356383323669433,0.3747370719909668,0.0121551513671875,0.0241620381673177,0.6500536203384399
daySequence2,5583,0,0.7358209133148194,0.3746533075968424,0.0121184349060058,0.0240585327148437,0.6446763277053833
daySequence2,5585,0,0.7358068466186524,0.3743566830952962,0.0123991012573242,0.0241634368896484,0.6689483523368835
daySequence2,5587,0,0.7356366157531739,0.3749746958414713,0.0131690979003906,0.0259773254394531,0.6958048343658447
daySequence2,5591,0,0.7358436584472656,0.3745508829752604,0.0127236366271972,0.0246173858642578,0.6714301705360413
daySequence2,5593,0,0.7357354164123535,0.3742522239685059,0.0120448112487792,0.0235975901285807,0.6572849750518799
daySequence2,5595,0,0.7357001304626465,0.3749655405680338,0.0121622085571289,0.0243061065673828,0.6428533792495728
daySequence2,5597,0,0.735850715637207,0.3747537612915039,0.0123136520385742,0.0241525650024414,0.6369439363479614
daySequence2,5601,0,0.7357336521148682,0.3743821461995443,0.0119933128356933,0.0235167185465494,0.6370341181755066
daySequence2,5605,0,0.7358091354370118,0.3746160189310709,0.0129499435424804,0.0249711354573567,0.7114570736885071
daySequence2,5607,0,0.735615873336792,0.3746753374735514,0.0138541221618652,0.0265558242797851,0.6600501537322998
daySequence2,5609,0,0.7356971740722656,0.3751639366149902,0.0131753921508789,0.0253108978271484,0.7201296091079712
daySequence2,5611,0,0.7357133865356446,0.3747611999511718,0.0124256134033203,0.023987325032552,0.7004752159118652
daySequence2,5615,0,0.7355952262878418,0.3743369420369466,0.0128719329833984,0.0243979771931966,0.715933084487915
daySequence2,5617,0,0.7358141899108886,0.3749249140421549,0.0130865097045898,0.0245355606079101,0.7018397450447083
daySequence2,5619,0,0.7357512950897217,0.3745431582132975,0.0129799842834472,0.0246107101440429,0.7127751111984253
daySequence2,5621,0,0.7356022834777832,0.3742760976155599,0.0129179000854492,0.0245627085367838,0.7052472829818726
daySequence2,5623,0,0.7357053756713867,0.3750069936116536,0.0131916046142578,0.0250869750976562,0.7235273718833923
daySequence2,5625,0,0.7357715129852295,0.3747519493103027,0.0130311965942382,0.0246165593465169,0.7159572839736938
daySequence2,5629,0,0.7355944633483886,0.3746056238810221,0.0130422592163085,0.024795659383138,0.721236526966095
daySequence2,5631,0,0.7358118534088135,0.3748180071512858,0.0129231452941894,0.0243178049723307,0.712121844291687
daySequence2,5637,0,0.7358564376831055,0.3750577290852864,0.0135028839111328,0.0252944946289062,0.7253232002258301
daySequence2,5714,0,0.7358340263366699,0.3743318557739258,0.0117547988891601,0.0224454243977864,0.7458295822143555
daySequence2,5720,0,0.7358647346496582,0.3740152676900228,0.0123682975769042,0.0231990178426106,0.7719355225563049
daySequence2,5722,0,0.7357102394104004,0.3743173917134603,0.0123144149780273,0.0230833053588867,0.7752962708473206
daySequence2,5726,0,0.7355547904968261,0.3741817156473795,0.0126023292541503,0.023266855875651,0.7895194888114929
daySequence2,5728,0,0.7356277942657471,0.3743190765380859,0.0124286651611328,0.0230756123860677,0.8125312328338623
daySequence2,5730,0,0.7356562614440918,0.373778216044108,0.0121158599853515,0.0221481323242187,0.7798153162002563
daySequence2,5732,0,0.7355562210083008,0.3741902033487955,0.0125493049621582,0.0231836954752604,0.7554998397827148
daySequence2,5734,0,0.7357651710510253,0.3748064041137695,0.0122098922729492,0.0232667287190755,0.7364685535430908
daySequence2,5736,0,0.7356846332550049,0.3742624918619792,0.0120753288269042,0.0229217529296875,0.7574824690818787
daySequence2,5738,0,0.7355197906494141,0.3741762161254883,0.0118080139160156,0.0228411356608072,0.7606808543205261
daySequence2,5742,0,0.7357131004333496,0.3746449152628581,0.0125959396362304,0.024257214864095,0.7677335739135742
daySequence2,5758,0,0.7356485366821289,0.3743583679199219,0.012531566619873,0.0236259460449218,0.784579336643219
daySequence2,5760,0,0.7356941223144531,0.3746159235636393,0.0125135421752929,0.0237450917561848,0.7988817691802979
daySequence2,5762,0,0.7357839584350586,0.3744702021280924,0.0122982025146484,0.0231151580810546,0.782106339931488
daySequence2,5764,0,0.7356796264648438,0.3743865331013997,0.0126346588134765,0.0237326304117838,0.7999252676963806
daySequence2,5766,0,0.7356526374816894,0.3746390660603841,0.0124579429626464,0.0240474065144856,0.790313720703125
daySequence2,5768,0,0.7358271598815918,0.3744045257568359,0.0120533943176269,0.022873051961263,0.7722095251083374
daySequence2,5770,0,0.7356438636779785,0.3737302462259928,0.0119436264038085,0.0231136957804362,0.7939234375953674
daySequence2,5772,0,0.7356408119201661,0.3739283243815104,0.012325382232666,0.0236774444580078,0.8093029260635376
daySequence2,5774,0,0.735802698135376,0.3745604832967122,0.0120797157287597,0.0232432683308919,0.8014723658561707
daySequence2,5776,0,0.7359033584594726,0.3741867701212565,0.0119209289550781,0.0224692026774088,0.7723237872123718
daySequence2,5780,0,0.7356827735900879,0.3744728088378906,0.0122757911682128,0.0229586919148763,0.7837514877319336
daySequence2,5788,0,0.7357261657714844,0.3746965408325195,0.0124595642089843,0.0237916310628255,0.7726035714149475
daySequence2,5790,0,0.7359303951263427,0.3748543421427409,0.0126492500305175,0.0239330927530924,0.7814257740974426
daySequence2,5802,0,0.7356992721557617,0.3740644454956054,0.0119390487670898,0.0221047719319661,0.7614622712135315
daySequence2,5855,0,0.7358806133270264,0.3747256596883138,0.0125151634216308,0.0239072163899739,0.7927758693695068
daySequence2,5877,0,0.7358579635620117,0.3747562408447266,0.0126113891601562,0.0242118835449218,0.7695797085762024
daySequence2,5881,0,0.7356544017791748,0.3749562581380208,0.0127275466918945,0.0244070688883463,0.7728717923164368
daySequence2,5887,0,0.7356424331665039,0.3743998209635417,0.0124622344970703,0.0236386617024739,0.7814438343048096
daySequence2,5893,0,0.7356478691101074,0.374284299214681,0.012196922302246,0.0232257843017578,0.7924537658691406
daySequence2,5895,0,0.7357312679290772,0.3750064531962077,0.0124820709228515,0.0241820017496744,0.7957763671875
daySequence2,5899,0,0.735654067993164,0.3742929140726725,0.0124063491821289,0.0237107594807942,0.770581841468811
daySequence2,5951,0,0.7356757164001465,0.3749983469645182,0.0125560760498046,0.0243170420328776,0.7850909233093262
daySequence2,5955,0,0.7358563423156739,0.3743214289347331,0.0122038841247558,0.0231108347574869,0.7754175066947937
daySequence2,6230,0,0.1474567294120788,0.384288215637207,0.015823483467102,0.0279844284057617,0.2559057474136352
daySequence2,6231,0,0.1474608540534973,0.3823831558227539,0.017445969581604,0.0320264180501302,0.2527394294738769
daySequence2,6232,0,0.1474150419235229,0.3824965794881185,0.0172465324401855,0.0308758417765299,0.2723058462142944
daySequence2,6400,0,0.0980549573898315,0.398524792989095,0.0155447721481323,0.0276208241780598,0.3875773549079895
daySequence2,6404,0,0.0950568318367004,0.0283517916997273,0.038725209236145,0.0565857569376627,0.3055858016014099
daySequence2,6405,0,0.367311692237854,0.0221930106480916,0.0435788631439209,0.0443779786427815,0.4480498433113098
daySequence2,6406,0,0.0810772001743316,0.0207881649335225,0.0385290503501892,0.041576329867045,0.3593944311141968
daySequence2,6411,0,0.0641891717910766,0.3960097630818684,0.0142093181610107,0.0263834635416666,0.5691841840744019
daySequence2,6515,0,0.9818276405334472,0.1093443075815836,0.0358245849609375,0.1483914375305176,0.2735481262207031
daySequence2,6626,0,0.6918773174285888,0.4196127891540527,0.0089327812194824,0.0198500951131184,0.3135644495487213
daySequence2,6629,0,0.6896686553955078,0.4137132962544759,0.0092162132263183,0.0203334172566731,0.5758440494537354
daySequence2,6632,0,0.5805550575256347,0.3619112650553385,0.0100584983825683,0.0229821523030598,0.500868558883667
daySequence2,6632,0,0.6884286880493165,0.4155631383260091,0.0089937210083007,0.0195091247558593,0.6258702874183655
daySequence2,6633,0,0.5791890144348144,0.3616313934326172,0.0102455139160156,0.0237754821777343,0.4621658027172088
daySequence2,6640,0,0.6835209369659424,0.4119969685872396,0.0095228195190429,0.0222647984822591,0.6664842367172241
daySequence2,6657,0,0.2808072566986084,0.2122999509175618,0.0265009880065917,0.0505291620890299,0.3013195693492889
daySequence2,6673,0,0.0589037537574768,0.0360200484593709,0.0448758244514465,0.0714497725168863,0.4286642670631408
daySequence2,6819,0,0.5300723075866699,0.4175776799519857,0.0077938079833984,0.0177096048990885,0.3175417780876159
daySequence2,6826,0,0.5392457485198975,0.4134370803833008,0.0092558860778808,0.0206942240397135,0.3528172373771667
daySequence2,6827,0,0.5407911777496338,0.4115083376566569,0.008968162536621,0.0203852971394856,0.6265201568603516
daySequence2,6828,0,0.5428730964660644,0.4128868738810221,0.0089176177978515,0.0200298309326171,0.6522232294082642
daySequence2,6830,0,0.5469829559326171,0.409620189666748,0.0099544525146484,0.0222370147705078,0.5508485436439514
daySequence2,6835,0,0.5570663452148438,0.404365603129069,0.0095613479614257,0.0211237589518229,0.6783486008644104
daySequence2,6838,0,0.3567114830017089,0.3482244491577148,0.0142356872558593,0.0257230122884114,0.3992648124694824
daySequence2,6839,0,0.3552739143371582,0.3459478060404459,0.0143305778503417,0.0253979365030924,0.3903269469738006
daySequence2,6840,0,0.3545968532562256,0.3437442461649577,0.0150458335876464,0.0263738632202148,0.4150934219360351
daySequence2,6842,0,0.3539046764373779,0.3366079330444336,0.0149990081787109,0.0282301584879557,0.426925927400589
daySequence2,6843,0,0.9514097213745116,0.0428311785062154,0.056341552734375,0.0853612025578816,0.5341382026672363
daySequence2,6843,0,0.3534783363342285,0.3343669573465983,0.0172381401062011,0.031602923075358,0.2924982011318207
daySequence2,6845,0,0.3520331382751465,0.3308671951293945,0.0173386573791503,0.0301933288574218,0.4068622291088104
daySequence2,6882,0,0.3119004726409912,0.0119067480166753,0.053676700592041,0.0234715600808461,0.6693648099899292
nightSequence1,3999,0,0.982790470123291,0.0434052030245463,0.0344190597534179,0.0863620360692342,0.7456702589988708
nightSequence1,4076,0,0.9843280792236327,0.1110345383485158,0.0308835983276367,0.1192287723223368,0.4614229202270508
nightSequence1,4360,0,0.1117750883102417,0.4792354265848795,0.0163651466369628,0.0410144170125325,0.7336063385009766
nightSequence1,4713,0,0.9744096755981444,0.512944221496582,0.036865234375,0.0972607930501302,0.5518829226493835
nightSequence1,4714,0,0.9751110076904296,0.5149338404337566,0.0361061096191406,0.0972286224365234,0.5473725199699402
nightSequence1,4715,0,0.9749981880187988,0.5166549682617188,0.0365793228149414,0.0966136932373046,0.3001566529273987
nightSequence1,4787,0,0.0073304459452629,0.2805518468221029,0.0146608918905258,0.1064788182576497,0.4955730140209198
nightSequence1,4788,0,0.0075060710310935,0.2790714263916015,0.0150121420621871,0.1152023315429687,0.3689217567443847
nightSequence1,4789,0,0.0074999749660491,0.2816466569900512,0.0149999499320983,0.1201838334401448,0.2945195436477661
nightSequence1,4802,0,0.6789225578308106,0.430423641204834,0.0077245712280273,0.0261464436848958,0.28170907497406
nightSequence1,4865,0,0.990036964416504,0.0913803180058797,0.0197837829589843,0.1006830056508382,0.5118920207023621
nightSequence2,843,0,0.2438669204711914,0.3570272127787272,0.004927635192871,0.0115975697835286,0.2951606810092926
nightSequence2,1015,0,0.1989706516265869,0.0343194127082824,0.0541724681854248,0.0684752066930135,0.4056321084499359
nightSequence2,1400,0,0.005399040132761,0.1946019172668457,0.010798080265522,0.0861771901448567,0.6092163324356079
nightSequence2,2286,0,0.543640422821045,0.0660489559173584,0.032403564453125,0.0796561559041341,0.7835355997085571
nightSequence2,3706,0,0.0042028352618217,0.2818445205688477,0.0084056705236434,0.0587142944335937,0.6609860062599182
nightSequence2,3756,0,0.0065558306872844,0.081290195385615,0.0131116613745689,0.0693266908327738,0.6781019568443298
nightSequence2,3769,0,0.0071194298565387,0.2436153093973795,0.0142349168658256,0.0733079274495442,0.8126966953277588
nightSequence2,3819,0,0.6961352348327636,0.4231651624043782,0.0062299728393554,0.0131816228230794,0.3604406714439392
nightSequence2,3835,0,0.6196090698242187,0.4056878725687662,0.0056034088134765,0.015709368387858,0.2810909748077392
nightSequence2,4442,0,0.5864161491394043,0.3828609466552734,0.0045648574829101,0.0108373006184895,0.3238140940666199
nightSequence2,4443,0,0.5864105701446534,0.3849994341532389,0.0045328140258789,0.0104843139648437,0.3140747845172882
nightSequence2,4446,0,0.3316188335418701,0.3755427042643229,0.0052180767059326,0.0132184346516927,0.4214911460876465
nightSequence2,4447,0,0.3299213409423828,0.3748256365458171,0.0048892021179199,0.0130271275838216,0.3533748090267181
nightSequence2,4452,0,0.5870864391326904,0.3830448786417643,0.0047032356262207,0.0112271626790364,0.3087940514087677
nightSequence2,4465,0,0.5873290061950683,0.3834701538085937,0.0045427322387695,0.0112808227539062,0.4039445519447326
nightSequence2,4473,0,0.5814248085021972,0.38870849609375,0.0043222427368164,0.0109465281168619,0.3471724987030029
nightSequence2,4478,0,0.5806424140930175,0.3742008845011393,0.005002212524414,0.0117459615071614,0.4725688695907593
nightSequence2,4483,0,0.5824211597442627,0.3920503934224447,0.0045124053955078,0.0113740921020507,0.3760203421115875
nightSequence2,4496,0,0.587324857711792,0.3871889432271321,0.0044937133789062,0.0117568333943684,0.2882375419139862
nightSequence2,4497,0,0.5875308036804199,0.3875845591227213,0.004550552368164,0.0120134989420572,0.2912910282611847
nightSequence2,4498,0,0.5879819869995118,0.3852811495463053,0.0044424057006835,0.0112428029378255,0.3850106000900268
nightSequence2,4670,0,0.6285597801208496,0.3647548993428548,0.0063573837280273,0.0166786829630533,0.2814451456069946
nightSequence2,4843,0,0.9925140380859376,0.3000372568766276,0.0148994445800781,0.081924565633138,0.8351716995239258
nightSequence2,4844,0,0.9942737579345704,0.3002207438151041,0.0114524841308593,0.0808846791585286,0.7953439354896545
nightSequence2,4845,0,0.9944004058837892,0.3056913296381632,0.0109889984130859,0.1017223517100016,0.3840910196304321
nightSequence2,4873,0,0.8769803047180176,0.2731719970703125,0.0180974960327148,0.0375340143839518,0.4549539387226105
nightSequence2,4874,0,0.8799985885620117,0.2737370491027832,0.0164253234863281,0.0351219177246093,0.3275334239006042
nightSequence2,4875,0,0.8816511154174804,0.2741891304651896,0.0172836303710937,0.0361232598622639,0.3560443222522735
nightSequence2,4876,0,0.8834661483764649,0.2759684801101684,0.0175312042236328,0.0365638891855875,0.3352842926979065
nightSequence2,4877,0,0.8855197906494141,0.2769610404968262,0.0180408477783203,0.037375005086263,0.2998609542846679
nightSequence2,4878,0,0.8880443572998047,0.277784530321757,0.0177268981933593,0.036829392115275,0.2758547663688659
nightSequence2,4879,0,0.8894639015197754,0.2777625481287638,0.018437385559082,0.037100330988566,0.3072392642498016
nightSequence2,4884,0,0.8956520080566406,0.2740722338358561,0.0170543670654296,0.0370608647664388,0.3384404480457306
nightSequence2,5211,0,0.5663559913635254,0.3689031600952148,0.010475730895996,0.0237748463948567,0.2960946261882782
nightSequence2,5218,0,0.5925209045410156,0.3699756622314453,0.0108604431152343,0.0245426177978515,0.2985125482082367
nightSequence2,5224,0,0.9416540145874024,0.0190445979436238,0.0249809265136718,0.0377291043599446,0.2609124183654785
nightSequence2,5234,0,0.8524913787841797,0.0103201707204182,0.0354612350463867,0.0205672899881998,0.330032467842102
nightSequence2,5234,0,0.7563138484954834,0.3552630106608073,0.0133761405944824,0.0302494049072265,0.3888759016990661
nightSequence2,5235,0,0.7760921955108643,0.3574419339497884,0.0143825531005859,0.0328247706095377,0.2775657176971435
nightSequence2,5237,0,0.8198390960693359,0.3523447672526041,0.0119949340820312,0.0298990885416666,0.373737633228302
nightSequence2,5239,0,0.8691434860229492,0.3555812835693359,0.010824966430664,0.0276941935221354,0.28031787276268
nightSequence2,5240,0,0.014163064956665,0.2233907699584961,0.0282178163528442,0.0807971954345703,0.5341768264770508
nightSequence2,5240,0,0.8955801010131836,0.3511272430419921,0.0137844085693359,0.033176040649414,0.4025507867336273
nightSequence2,5450,0,0.5546354293823242,0.3568387349446614,0.0049528121948242,0.0121854146321614,0.2827082872390747
nightSequence2,5494,0,0.544255542755127,0.3723854064941406,0.0050930023193359,0.0118794759114583,0.4205020070075989
nightSequence2,5586,0,0.0055436957627534,0.1986803372701009,0.0110873915255069,0.0952850977579752,0.6012058258056641
nightSequence2,5599,0,0.6305014610290527,0.0093763679265975,0.0447025299072265,0.0186529775460561,0.6453447341918945
nightSequence2,5942,0,0.0164287894964218,0.3401223500569661,0.0116472899913787,0.0323804219563802,0.6728947162628174
nightSequence2,6193,0,0.994218635559082,0.3289985020955404,0.0109153747558593,0.0394491831461588,0.3411217331886291
nightSequence2,6200,0,0.8230796813964844,0.3330050786336263,0.0173534393310546,0.0451825459798177,0.5176782608032227
nightSequence2,6202,0,0.7653028488159179,0.3471236864725748,0.0162712097167968,0.042348289489746,0.400799959897995
nightSequence2,6533,0,0.5660297393798828,0.1922523498535156,0.0231061935424804,0.0494263013203938,0.8227552175521851
nightSequence2,6533,0,0.7645040988922119,0.2940235137939453,0.0240140914916992,0.0575796763102213,0.8620679378509521
